,latitudes,longitudes,values,variance
0,17.89,73.4,0.6339323065553248,0.010898540100900644
1,17.89,73.41,0.6351021110191771,0.010868304794851139
2,17.89,73.42,0.6240614917092028,0.010942813242950027
3,17.89,73.43,0.6116334304907024,0.011016489011217743
4,17.89,73.44,0.6015077162707002,0.01109570658619894
5,17.89,73.45,0.5934118537363255,0.011175948699134798
6,17.89,73.46,0.5858600963482367,0.011242381898803864
7,17.89,73.47,0.5785905304603023,0.011294932908639662
8,17.89,73.48,0.5708009786834763,0.011345584592819381
9,17.9,73.4,0.6249304210579096,0.010876350642194364
10,17.9,73.41,0.6259234905441622,0.010845545508740104
11,17.9,73.42,0.6147329180081589,0.010917872450989166
12,17.9,73.43,0.6022047630746912,0.010989168033474566
13,17.9,73.44,0.5919949693687833,0.011065737338525523
14,17.9,73.45,0.5838429378860788,0.011143163489411554
15,17.9,73.46,0.5762202982310553,0.011206853231498674
16,17.9,73.47,0.5688515566768751,0.011256769480786853
17,17.9,73.48,0.560963104927503,0.011304742988211753
18,17.91,73.4,0.6061053971524188,0.010997048820468393
19,17.91,73.41,0.6052945784727289,0.010957444734323259
20,17.91,73.42,0.5985208310277703,0.010981828131843082
21,17.91,73.43,0.5890934092339484,0.01103236177830344
22,17.91,73.44,0.5798085232276402,0.011092697085301948
23,17.91,73.45,0.5713869772068132,0.011155348811468192
24,17.91,73.46,0.5633200834053591,0.011213718462706284
25,17.91,73.47,0.5551197716086942,0.011268502539367004
26,17.91,73.48,0.546057231437718,0.011330719673301355
27,17.91,73.49,0.5352995087055628,0.011415216552978145
28,17.91,74.64,0.2550042705061167,0.011816376071787706
29,17.91,74.9,0.3347402139645097,0.010882186497809669
30,17.92,73.4,0.5856225600710624,0.011120442517274442
31,17.92,73.41,0.5843044793257073,0.011078082285452569
32,17.92,73.42,0.5794278582871076,0.011078229478063558
33,17.92,73.43,0.5722611288597174,0.011105730859059677
34,17.92,73.44,0.5642622083267729,0.011147683190280836
35,17.92,73.45,0.5561178828482066,0.01119618937767475
36,17.92,73.46,0.5478230513180968,0.011247025991350159
37,17.92,73.47,0.5391736889717531,0.01130055549634087
38,17.92,73.48,0.5297814280360421,0.011361588420997253
39,17.92,73.49,0.5193810151939381,0.011434896423992811
40,17.92,73.5,0.5082980190895634,0.011519244431483729
41,17.92,74.63,0.2500268683767538,0.011763214706590239
42,17.92,74.64,0.2533898762930844,0.011744157848023322
43,17.92,74.65,0.25786012352421434,0.011757058383255317
44,17.92,74.89,0.3312822959403263,0.010703648276744342
45,17.92,74.9,0.3325673634154077,0.010729854904565997
46,17.92,74.91,0.3350555849803657,0.010776631956676263
47,17.92,74.92,0.3381704785813094,0.010839014217038381
48,17.92,74.93,0.34134284778127943,0.010908035147292118
49,17.93,73.4,0.5648778527735784,0.011235998467990319
50,17.93,73.41,0.5632733811365672,0.011192341630113272
51,17.93,73.42,0.5592399283694001,0.011179368553074633
52,17.93,73.43,0.553350541135143,0.011189848543707352
53,17.93,73.44,0.5463199944690332,0.011215794932657869
54,17.93,73.45,0.5386024211271413,0.011251199794330112
55,17.93,73.46,0.5304073661665535,0.011292732023258499
56,17.93,73.47,0.5216728626629334,0.011339878293606134
57,17.93,73.48,0.5122286759093877,0.01139420711686997
58,17.93,73.49,0.5021478839841869,0.011457255517594408
59,17.93,73.5,0.49174164965037875,0.011528461716461725
60,17.93,73.51,0.48134196802079743,0.011605279357912134
61,17.93,74.62,0.244879242663942,0.011712431228589877
62,17.93,74.63,0.24804417533480366,0.011699986119793275
63,17.93,74.64,0.2516544599178784,0.011694601569426206
64,17.93,74.65,0.2558924525051022,0.011700965407943662
65,17.93,74.66,0.2606576173446852,0.011712730408537438
66,17.93,74.67,0.26577586731347674,0.011721873304195891
67,17.93,74.87,0.33200972238731774,0.010512055389829814
68,17.93,74.88,0.32813598383225373,0.010523453427941361
69,17.93,74.89,0.3271084876013875,0.010549698618704416
70,17.93,74.9,0.32895376410004296,0.010586917827995054
71,17.93,74.91,0.33271800459767253,0.010635719125006354
72,17.93,74.92,0.33737501205778464,0.010697212764881914
73,17.93,74.93,0.34187367982956096,0.010768912213985122
74,17.93,74.94,0.34544490838401504,0.010846482136264074
75,17.93,74.95,0.3478294603200043,0.010925351523249057
76,17.93,74.96,0.3490970602001057,0.011002388198196683
77,17.93,74.97,0.3494637675785645,0.011076403943235292
78,17.93,75.36,0.37373561291479046,0.011974625587338378
79,17.94,73.4,0.544039037863603,0.011341342652659502
80,17.94,73.41,0.5421548558784208,0.011296681826008794
81,17.94,73.42,0.5384614624979907,0.011275515837164005
82,17.94,73.43,0.5332094349830112,0.01127389513442935
83,17.94,73.44,0.5267656287323198,0.011286951156284525
84,17.94,73.45,0.5194818353831732,0.011310521236279207
85,17.94,73.46,0.5114838482497376,0.01134196178606118
86,17.94,73.47,0.5027910942823856,0.0113802917308959
87,17.94,73.48,0.4934957188906663,0.011425706693263165
88,17.94,73.49,0.4837472494751699,0.011478565203584588
89,17.94,73.5,0.47392301453599656,0.011538431748885804
90,17.94,73.51,0.4641095319801078,0.011603835247222454
91,17.94,73.52,0.45429661095410073,0.011672696133752568
92,17.94,74.61,0.23906235729665698,0.011643132781776071
93,17.94,74.62,0.24220095111826165,0.01164158969776408
94,17.94,74.63,0.24559146364153153,0.011640808651449872
95,17.94,74.64,0.24934742328793838,0.01164309403985275
96,17.94,74.65,0.253554698160076,0.011649385310644573
97,17.94,74.66,0.2582082099505717,0.01165717070437717
98,17.94,74.67,0.2632305301307295,0.011662404127077175
99,17.94,74.68,0.2685547241237298,0.011661908914954236
100,17.94,74.85,0.3435483693049151,0.010375694990356283
101,17.94,74.86,0.33738253029455023,0.01034478599184493
102,17.94,74.87,0.32864230496164953,0.010346081674101705
103,17.94,74.88,0.3221822563127603,0.010364979225114415
104,17.94,74.89,0.3210218697581792,0.010402621553398007
105,17.94,74.9,0.324132915100357,0.010445309874032159
106,17.94,74.91,0.32978890544550066,0.010494418483959132
107,17.94,74.92,0.3366376777639226,0.01055713369260936
108,17.94,74.93,0.3428060230194879,0.010634346179131176
109,17.94,74.94,0.3471301520335845,0.010719125021928587
110,17.94,74.95,0.3496329964443799,0.010803539982401154
111,17.94,74.96,0.3507423198396806,0.01088335423434562
112,17.94,74.97,0.350854884862713,0.010958222059277883
113,17.94,74.98,0.3500933866800753,0.011029771809629848
114,17.94,74.99,0.34858110401076725,0.011099266112899703
115,17.94,75.0,0.34647933820258353,0.011166609380486681
116,17.94,75.01,0.3439735029382156,0.011230979906356181
117,17.94,75.27,0.3559633588708813,0.012115082506959723
118,17.94,75.28,0.35697056049632564,0.012110445952217629
119,17.94,75.29,0.35807889703635426,0.012101131310475183
120,17.94,75.3,0.3593879703544343,0.012087018856936678
121,17.94,75.31,0.3608677087212138,0.012068009863419112
122,17.94,75.32,0.36257011272286127,0.012044058801362795
123,17.94,75.33,0.36451008254939593,0.012015258302924655
124,17.94,75.34,0.36645218506268534,0.011982105166628145
125,17.94,75.35,0.3682236835023399,0.011946485773169672
126,17.94,75.36,0.3696948915549729,0.011915861580948409
127,17.94,75.37,0.3702397057648174,0.011907936641207156
128,17.94,75.38,0.37004785970439213,0.011919222518531504
129,17.94,75.39,0.36983954023704657,0.011933049301809705
130,17.95,73.4,0.523039013025537,0.011435499732270763
131,17.95,73.41,0.5208131456721221,0.011389777675557832
132,17.95,73.42,0.5171617316250913,0.011362823236842593
133,17.95,73.43,0.5121582483603112,0.011352227960168021
134,17.95,73.44,0.5060825929784639,0.011354892037898736
135,17.95,73.45,0.499127100697713,0.011367931613910379
136,17.95,73.46,0.49135349142270807,0.011389284050085664
137,17.95,73.47,0.482865300841185,0.01141789873881234
138,17.95,73.48,0.473837639332421,0.011453537859941142
139,17.95,73.49,0.46452815755120735,0.011496270933396238
140,17.95,73.5,0.45530235336849967,0.011545858389782797
141,17.95,73.51,0.4461261873013268,0.011601350730664137
142,17.95,73.52,0.4369956807476808,0.011661084941171747
143,17.95,73.53,0.4281096336487368,0.011723059670703426
144,17.95,74.6,0.23318241505919668,0.011555132516657969
145,17.95,74.61,0.23620336099602118,0.011564891520747538
146,17.95,74.62,0.23937244869658775,0.011573915242926607
147,17.95,74.63,0.24283063682238862,0.011582259929592699
148,17.95,74.64,0.2466647449078769,0.01159049109505886
149,17.95,74.65,0.25092256009913855,0.011598567583713507
150,17.95,74.66,0.2555989821526226,0.011605139246287574
151,17.95,74.67,0.2606394030785083,0.011608010870767318
152,17.95,74.68,0.2659856489290204,0.01160503601478823
153,17.95,74.69,0.2716044929781498,0.011594591887817874
154,17.95,74.7,0.2774513659317804,0.011575633045888213
155,17.95,74.83,0.34221019322979573,0.010499074320009827
156,17.95,74.84,0.34478681488461854,0.01034262900907487
157,17.95,74.85,0.3474247613692978,0.010213527976926217
158,17.95,74.86,0.33653290868563457,0.010191883741848647
159,17.95,74.87,0.3232770468421816,0.01020260574620267
160,17.95,74.88,0.31515820807134914,0.010230855851842137
161,17.95,74.89,0.3144408970438067,0.01027318037165827
162,17.95,74.9,0.31893392717484104,0.010309652681291729
163,17.95,74.91,0.32692063750555805,0.010353125207930615
164,17.95,74.92,0.3369942506311934,0.010417485321431991
165,17.95,74.93,0.3451976877142794,0.010506299743827816
166,17.95,74.94,0.34964200430031844,0.01060252263197257
167,17.95,74.95,0.3515645034036856,0.010692916914983404
168,17.95,74.96,0.352070979727292,0.010773302775648756
169,17.95,74.97,0.35166491431810687,0.010845955635036032
170,17.95,74.98,0.3505018796356792,0.01091593919688128
171,17.95,74.99,0.34854352806236016,0.010985981148005254
172,17.95,75.0,0.3459298259708549,0.011054968657915113
173,17.95,75.01,0.34290795982980493,0.01112109931662249
174,17.95,75.02,0.33975238668048224,0.011183208390739946
175,17.95,75.03,0.3366768108887254,0.01124057924012486
176,17.95,75.04,0.33381369620726337,0.01129263465285587
177,17.95,75.05,0.331245306666357,0.011338854783658944
178,17.95,75.18,0.3453826707412533,0.011874661262030682
179,17.95,75.19,0.34733809857637005,0.011903097773839324
180,17.95,75.2,0.3488949911108923,0.011929104788322212
181,17.95,75.21,0.35008959499164455,0.01195257197196914
182,17.95,75.22,0.3508657027279197,0.011973228866888567
183,17.95,75.23,0.3514118948971321,0.01199071018424554
184,17.95,75.24,0.3519316160143036,0.012004640964929925
185,17.95,75.25,0.35240991923616505,0.012014684729740037
186,17.95,75.26,0.3529445439992978,0.01202056909884399
187,17.95,75.27,0.3536091795198668,0.012022102594077605
188,17.95,75.28,0.3543762649479249,0.012019165087348233
189,17.95,75.29,0.3552360467846141,0.012011704562811155
190,17.95,75.3,0.3562337763777514,0.011999714017342997
191,17.95,75.31,0.35747319851622184,0.011983247337023606
192,17.95,75.32,0.3589084077616998,0.011962488488891462
193,17.95,75.33,0.36054191481955394,0.011937923670570448
194,17.95,75.34,0.3622768530620033,0.011910743359592956
195,17.95,75.35,0.3638242436793333,0.011883688251575633
196,17.95,75.36,0.3650525961838392,0.011862059807401204
197,17.95,75.37,0.36577771732675274,0.011851575536483016
198,17.95,75.38,0.36602129409305506,0.01185141423775917
199,17.95,75.39,0.3661250029514283,0.01185551766886355
200,17.95,75.4,0.36636055562065745,0.011859224370520243
201,17.95,75.41,0.36681168938467434,0.011860238816605577
202,17.95,75.42,0.36745423928072635,0.01185750187495364
203,17.96,73.4,0.501764623631491,0.011518026932315989
204,17.96,73.41,0.49922862187328587,0.011471073549685825
205,17.96,73.42,0.49551473773387783,0.011439605179732528
206,17.96,73.43,0.49071326765205203,0.011421991848661982
207,17.96,73.44,0.48492545143685506,0.011416097904031782
208,17.96,73.45,0.4781873959709502,0.01141981735477984
209,17.96,73.46,0.4706223181823585,0.011431504735711808
210,17.96,73.47,0.46236461792620337,0.011450216703333602
211,17.96,73.48,0.45364929470794835,0.011475744661735754
212,17.96,73.49,0.44482363327632546,0.0115083988556921
213,17.96,73.5,0.43614211564582195,0.011548452882395914
214,17.96,73.51,0.42752708864184236,0.011595409254926704
215,17.96,73.52,0.4190819181750451,0.011647646138615074
216,17.96,73.53,0.41090637800114865,0.01170286349096722
217,17.96,73.54,0.40288222908470717,0.01175877198671137
218,17.96,74.59,0.22741016036355188,0.011449672338542384
219,17.96,74.6,0.23038597818121745,0.011470096489344168
220,17.96,74.61,0.23335146635122797,0.011490285086113904
221,17.96,74.62,0.23648693044845864,0.011508614157246714
222,17.96,74.63,0.23991766127466377,0.011524450006996588
223,17.96,74.64,0.24373807376410422,0.011537698202862708
224,17.96,74.65,0.24799022028296386,0.011548104435858896
225,17.96,74.66,0.25268021809344143,0.01155484836689151
226,17.96,74.67,0.25776886111989267,0.011556633778939798
227,17.96,74.68,0.2632045414142505,0.011552029083641393
228,17.96,74.69,0.2689438734431269,0.01153977404264663
229,17.96,74.7,0.27495840161354634,0.011518929995946196
230,17.96,74.71,0.2811660044578664,0.01148892199681062
231,17.96,74.82,0.3373904166966982,0.010605073347922801
232,17.96,74.83,0.3397382157249254,0.01046298926004541
233,17.96,74.84,0.3407973937251015,0.010319304614743363
234,17.96,74.85,0.3374905619980405,0.010190856053812687
235,17.96,74.86,0.3859400000000589,1.3580322513035529e-15
236,17.96,74.87,0.3201488746463702,0.010126010426464854
237,17.96,74.88,0.312837131055013,0.010142552397010314
238,17.96,74.89,0.31021637492275644,0.010172305420361535
239,17.96,74.9,0.3155056206112083,0.010192616549834041
240,17.96,74.91,0.3267106616942568,0.010221536589646125
241,17.96,74.92,0.34166381847128446,0.010285954624449043
242,17.96,74.93,0.35031275783602017,0.010396443272497452
243,17.96,74.94,0.3529211369210294,0.010505870999456334
244,17.96,74.95,0.35332868466034567,0.01059896042434648
245,17.96,74.96,0.35291980004630974,0.010674758027523514
246,17.96,74.97,0.3519126845325664,0.010739435705408298
247,17.96,74.98,0.3502316164562645,0.01080498930182807
248,17.96,74.99,0.34764945980354905,0.01087622072090814
249,17.96,75.0,0.3443482346125287,0.01094729797603737
250,17.96,75.01,0.3406991162007067,0.011015187734427353
251,17.96,75.02,0.33704259618022236,0.011078842975054636
252,17.96,75.03,0.3336061948682197,0.011137762821205856
253,17.96,75.04,0.3305250131269235,0.01119132135601664
254,17.96,75.05,0.327817638800495,0.011238726610846652
255,17.96,75.06,0.3254923348258983,0.01127923004021945
256,17.96,75.07,0.3235851642331606,0.011312256484254553
257,17.96,75.08,0.3221521529988249,0.011337406714770945
258,17.96,75.09,0.32123090646211605,0.011355408120465382
259,17.96,75.1,0.3227082624081677,0.011417823258816233
260,17.96,75.11,0.3247819790534134,0.011480707009319528
261,17.96,75.12,0.32707066367299753,0.011537185553491324
262,17.96,75.13,0.32953735438206233,0.011587537357616487
263,17.96,75.14,0.3322170609769942,0.011632283373010132
264,17.96,75.15,0.33512749829360516,0.011672157243157167
265,17.96,75.16,0.338195659976878,0.011708047560567446
266,17.96,75.17,0.3410828356079939,0.011740862375472082
267,17.96,75.18,0.3435633371340506,0.011771342208922298
268,17.96,75.19,0.34565424621910457,0.011799910596705565
269,17.96,75.2,0.34734295205992405,0.011826639544136881
270,17.96,75.21,0.34856040569424535,0.011851319865918525
271,17.96,75.22,0.3493840183010612,0.01187354605471846
272,17.96,75.23,0.3498276084205035,0.011892819536580553
273,17.96,75.24,0.35015328491495895,0.011908638855120793
274,17.96,75.25,0.35040362178171286,0.01192058312849729
275,17.96,75.26,0.3506749253483691,0.011928349051478987
276,17.96,75.27,0.3510317336795664,0.011931774814592774
277,17.96,75.28,0.3515290795280961,0.011930825940254281
278,17.96,75.29,0.3521358720222708,0.01192557495784959
279,17.96,75.3,0.3528617996315807,0.011916161384797213
280,17.96,75.31,0.35376102243423496,0.0119027894861163
281,17.96,75.32,0.3549058153477602,0.011885805886361692
282,17.96,75.33,0.35620288422802615,0.011865862979940456
283,17.96,75.34,0.35762027190354845,0.011844209026471566
284,17.96,75.35,0.3590280834631261,0.011823000416579327
285,17.96,75.36,0.3601543684792867,0.011805154419322077
286,17.96,75.37,0.3609914047545008,0.011792982757163933
287,17.96,75.38,0.3615437288765313,0.011786313067055788
288,17.96,75.39,0.361932891274735,0.011782764928730783
289,17.96,75.4,0.36239996286807413,0.011779673842093663
290,17.96,75.41,0.36307144945354497,0.011775121991402638
291,17.96,75.42,0.36392785606236516,0.011767888600047249
292,17.96,75.43,0.3649200518362579,0.01175715355865014
293,17.96,75.44,0.3659287319298502,0.011742303494130362
294,17.96,75.45,0.36691914197569553,0.011722828057647385
295,17.96,75.46,0.3679776299111119,0.01169831770574917
296,17.97,73.4,0.48058598332551017,0.011588768595758194
297,17.97,73.41,0.47775241049033085,0.011540393577401074
298,17.97,73.42,0.4739399825644295,0.011505168610450839
299,17.97,73.43,0.469154535351453,0.01148186171819023
300,17.97,73.44,0.46346182881140446,0.011468835707238532
301,17.97,73.45,0.4569307727718158,0.011464385235977375
302,17.97,73.46,0.44957054912923666,0.01146707133457205
303,17.97,73.47,0.4415226585192304,0.0114760157835414
304,17.97,73.48,0.4330855985392483,0.011491178591515772
305,17.97,73.49,0.4247120904512911,0.011513518577910099
306,17.97,73.5,0.41653630127443264,0.011544493513119432
307,17.97,73.51,0.4085887467585471,0.011584399556210849
308,17.97,73.52,0.4009240830676388,0.01163114285858876
309,17.97,73.53,0.39353620211848056,0.011681392965755892
310,17.97,73.54,0.38625237849714916,0.011732210676805306
311,17.97,73.55,0.3791030845509216,0.011781521235476097
312,17.97,74.58,0.2218112756904466,0.011332032746082243
313,17.97,74.59,0.22486098558802678,0.011360155327522414
314,17.97,74.6,0.2276627391894321,0.01139066587714826
315,17.97,74.61,0.23043809239489274,0.01142030445403884
316,17.97,74.62,0.2334309571300351,0.01144646975509502
317,17.97,74.63,0.23679617035347553,0.011468264632203644
318,17.97,74.64,0.24060119680727388,0.011485548069867567
319,17.97,74.65,0.24486712378335967,0.011498174493031007
320,17.97,74.66,0.24956872174751335,0.01150565664245635
321,17.97,74.67,0.2546809731527051,0.011507166964709273
322,17.97,74.68,0.2601846843487522,0.011501700141132925
323,17.97,74.69,0.2660308196390996,0.011488265951061886
324,17.97,74.7,0.2721758077806767,0.01146603324657196
325,17.97,74.71,0.27859125212370633,0.011434419485902238
326,17.97,74.72,0.28519393315793456,0.011393164296932467
327,17.97,74.73,0.29187769239793293,0.011342452054210294
328,17.97,74.8,0.3301168295547638,0.0108152142348283
329,17.97,74.81,0.3331327896470894,0.010707178585879705
330,17.97,74.82,0.33523855517018697,0.010589158063235217
331,17.97,74.83,0.3362171757888629,0.010465504989296413
332,17.97,74.84,0.3356603453560037,0.010345792209041218
333,17.97,74.85,0.3323850557317895,0.010239509665944444
334,17.97,74.86,0.3268017889372353,0.010155524073488464
335,17.97,74.87,0.32342973467849634,0.010119697732770463
336,17.97,74.88,0.17541000000001125,-8.351976384117227e-16
337,17.97,74.89,0.3138428112022762,0.01012682625238862
338,17.97,74.9,0.32052013146249925,0.010139952591994822
339,17.97,74.91,0.3376319581512954,0.010164375415561394
340,17.97,74.92,0.36840000000001805,-1.2080149483953003e-15
341,17.97,74.93,0.35495951748752774,0.010338808582949712
342,17.97,74.94,0.3550206585064444,0.010442744968966123
343,17.97,74.95,0.35400037450357846,0.010526004490741129
344,17.97,74.96,0.35282430130084363,0.010590253626079427
345,17.97,74.97,0.351503865262375,0.010641069409126938
346,17.97,74.98,0.3494958395600322,0.010698799807536873
347,17.97,74.99,0.34610580634013555,0.010772195312795586
348,17.97,75.0,0.34182487704468273,0.010844777036114603
349,17.97,75.01,0.33736705521707994,0.010913506223957418
350,17.97,75.02,0.33315911087692,0.010978223591154733
351,17.97,75.03,0.3293820928340385,0.011038936585184993
352,17.97,75.04,0.32612396794635057,0.011094846464732367
353,17.97,75.05,0.3233701054742715,0.011144784455436301
354,17.97,75.06,0.3211140252755396,0.011187943189208151
355,17.97,75.07,0.3193446291976741,0.011224233475463844
356,17.97,75.08,0.31816934829526594,0.01125501064644532
357,17.97,75.09,0.31791048491766244,0.011287926090144477
358,17.97,75.1,0.31911124321522666,0.011338110060482475
359,17.97,75.11,0.3212600209891075,0.011394821406331771
360,17.97,75.12,0.3238349405019057,0.01144797822628059
361,17.97,75.13,0.3266323990929039,0.01149560134173299
362,17.97,75.14,0.32956355264631065,0.011537650858605114
363,17.97,75.15,0.3326390267143206,0.011574825631177867
364,17.97,75.16,0.33587398299299215,0.011608246264967155
365,17.97,75.17,0.33908634731639736,0.011639170506094162
366,17.97,75.18,0.3419142205114076,0.011668634747818945
367,17.97,75.19,0.34422193805185886,0.011697159848754931
368,17.97,75.2,0.3460434934685682,0.01172470581447342
369,17.97,75.21,0.3473196035660068,0.01175084896846269
370,17.97,75.22,0.3480872408372203,0.011774972033843414
371,17.97,75.23,0.34842319786334225,0.011796385332434772
372,17.97,75.24,0.34844371735055907,0.011814423903045459
373,17.97,75.25,0.34835665891328665,0.011828539994569395
374,17.97,75.26,0.3483018410172178,0.01183838110441409
375,17.97,75.27,0.34837205830717605,0.01184381761452884
376,17.97,75.28,0.34855836958329295,0.011844937272330871
377,17.97,75.29,0.3488815503396761,0.011841987811864284
378,17.97,75.3,0.34932708262140283,0.01183528287467995
379,17.97,75.31,0.34989546060623294,0.011825137460025633
380,17.97,75.32,0.35066649732526123,0.011811918262903946
381,17.97,75.33,0.35163233155310836,0.01179617272218512
382,17.97,75.34,0.3527631312493573,0.011778814628006942
383,17.97,75.35,0.35400444702254985,0.011761216449668196
384,17.97,75.36,0.3551421841483118,0.011744970779707207
385,17.97,75.37,0.356041821447215,0.011731255167743135
386,17.97,75.38,0.35680133830381033,0.011720198204913016
387,17.97,75.39,0.35744142466858525,0.01171091695412232
388,17.97,75.4,0.3581078586798247,0.011702116319751339
389,17.97,75.41,0.3589858804973908,0.011692578565704949
390,17.97,75.42,0.3600758619482019,0.01168127974263228
391,17.97,75.43,0.3613526477487433,0.011667325011216572
392,17.97,75.44,0.3627243256755905,0.011649872741612761
393,17.97,75.45,0.3641094525286757,0.011628126220495423
394,17.97,75.46,0.3655062544520977,0.011601385780884616
395,17.97,75.47,0.36693640392311716,0.011569169014795334
396,17.97,75.48,0.36832365772167003,0.011531349977036235
397,17.97,75.49,0.3695852581626532,0.011488323577271996
398,17.98,73.4,0.4595147540341661,0.011647734759265973
399,17.98,73.41,0.45638745528224867,0.011597773852958883
400,17.98,73.42,0.45239703784624563,0.01155933375383497
401,17.98,73.43,0.44756461846589457,0.011531383162607841
402,17.98,73.44,0.44198577396564276,0.01151250677741666
403,17.98,73.45,0.43563713345656657,0.01150112904500907
404,17.98,73.46,0.42847567588531416,0.011495786261689933
405,17.98,73.47,0.42067669749166187,0.011495430506444488
406,17.98,73.48,0.41252150722089836,0.011499926775804411
407,17.98,73.49,0.404505801213191,0.011510972352960452
408,17.98,73.5,0.3968246913087399,0.011532674602681595
409,17.98,73.51,0.3896415937255829,0.011567590168427462
410,17.98,73.52,0.3828614726262102,0.011611637883115148
411,17.98,73.53,0.3763125036807491,0.011658922474774595
412,17.98,73.54,0.369759819310582,0.011705773640454359
413,17.98,73.55,0.3632252224764908,0.011750232478937995
414,17.98,73.56,0.35683737590671427,0.011791217044807652
415,17.98,74.57,0.21575798063120197,0.011225422055864168
416,17.98,74.58,0.21936122907066613,0.011248988078025431
417,17.98,74.59,0.22237833092853923,0.01128012722836235
418,17.98,74.6,0.22480456834075474,0.011319630039855914
419,17.98,74.61,0.22728972391230456,0.011357123536730613
420,17.98,74.62,0.23010396282037338,0.01138889558703428
421,17.98,74.63,0.23337223991512296,0.011414649853167954
422,17.98,74.64,0.2371289367023157,0.01143463947229095
423,17.98,74.65,0.24137091348336634,0.011448932275029614
424,17.98,74.66,0.24609206316125906,0.011457234456041864
425,17.98,74.67,0.2512853901383839,0.011458932113987434
426,17.98,74.68,0.25690887647793026,0.011453226143472654
427,17.98,74.69,0.2629171329980945,0.011439271661371913
428,17.98,74.7,0.2692383051839949,0.011416298599630179
429,17.98,74.71,0.2758387266290996,0.011383696170045064
430,17.98,74.72,0.2826788221872915,0.011341081120833
431,17.98,74.73,0.28968139287937195,0.011288398296164074
432,17.98,74.74,0.2967366913226358,0.011226198944230712
433,17.98,74.78,0.3212108010803194,0.010952075825623716
434,17.98,74.79,0.32570770579413905,0.010874157754156968
435,17.98,74.8,0.32937730989724956,0.010786329744176135
436,17.98,74.81,0.3320997036005484,0.0106889345258595
437,17.98,74.82,0.33368068539271717,0.010583354837989991
438,17.98,74.83,0.33379509474314384,0.010472418745034913
439,17.98,74.84,0.3333088900171202,0.010366416334122233
440,17.98,74.85,0.33314331659423413,0.010268470939744093
441,17.98,74.86,0.3342012137813117,0.010175374677473866
442,17.98,74.87,0.6140200000000702,2.5754472730134938e-15
443,17.98,74.88,0.32624499922584493,0.010119806205814985
444,17.98,74.89,0.3131754804520916,0.010118679414483247
445,17.98,74.9,0.32462787036277496,0.010126605526904291
446,17.98,74.91,0.34201046708549493,0.010156196661363645
447,17.98,74.92,0.3508253325696937,0.010242062692173832
448,17.98,74.93,0.35398788007041126,0.010330410196216035
449,17.98,74.94,0.3539263935502644,0.010408503975487165
450,17.98,74.95,0.35265840102899343,0.01046941705997503
451,17.98,74.96,0.35121108589373695,0.010517738009705005
452,17.98,74.97,0.3500204856249077,0.010562298584442237
453,17.98,74.98,0.3483955244385002,0.010607567122022233
454,17.98,74.99,0.34363316723504483,0.010677799236168703
455,17.98,75.0,0.33824748424571277,0.010748635556070495
456,17.98,75.01,0.33294916877708525,0.010815813456896986
457,17.98,75.02,0.3281742662443191,0.010880577506402036
458,17.98,75.03,0.32414785352546804,0.010943494753750518
459,17.98,75.04,0.3208226389445076,0.01100277129448784
460,17.98,75.05,0.31810908293510304,0.011056265769897546
461,17.98,75.06,0.3159801590095764,0.011103284871034166
462,17.98,75.07,0.3144698462683948,0.011144712755314336
463,17.98,75.08,0.31368234188912464,0.011183153724926825
464,17.98,75.09,0.3138454751593043,0.011223420944249538
465,17.98,75.1,0.31510446050737617,0.01126948644036331
466,17.98,75.11,0.31728573285793693,0.011318804862079238
467,17.98,75.12,0.32007381451725603,0.01136640691619927
468,17.98,75.13,0.32321866620685696,0.011409515864612689
469,17.98,75.14,0.326546767639739,0.01144734702074939
470,17.98,75.15,0.3299562662638669,0.011480386381116169
471,17.98,75.16,0.33342583101897766,0.01151000638054385
472,17.98,75.17,0.33688171663484523,0.011538019760991678
473,17.98,75.18,0.3400920448211383,0.011565959538310994
474,17.98,75.19,0.3427424339799527,0.011594422266804369
475,17.98,75.2,0.3447831427653909,0.01162305918581225
476,17.98,75.21,0.34622293347307675,0.011651055527552967
477,17.98,75.22,0.3469929063409637,0.01167750206274176
478,17.98,75.23,0.3472185396433568,0.011701479834071283
479,17.98,75.24,0.34700309710689603,0.011722110533661755
480,17.98,75.25,0.3465210541868162,0.011738660228874702
481,17.98,75.26,0.3460155445657686,0.011750678770917847
482,17.98,75.27,0.3456876422549039,0.011758074016410722
483,17.98,75.28,0.3455363686309414,0.011761103270563447
484,17.98,75.29,0.3455159931512399,0.011760272821561049
485,17.98,75.3,0.3456600341978262,0.011756136760205501
486,17.98,75.31,0.34594423108546457,0.011749100560229363
487,17.98,75.32,0.3463692744638148,0.011739403802043332
488,17.98,75.33,0.34703472090685605,0.011727277779208024
489,17.98,75.34,0.3479033193632157,0.011713150494721587
490,17.98,75.35,0.34895462670512556,0.011697744213386823
491,17.98,75.36,0.3501052920121862,0.011681954038185734
492,17.98,75.37,0.3511042975728972,0.011666556644195802
493,17.98,75.38,0.3519937929290993,0.011651930535874594
494,17.98,75.39,0.352843788210538,0.01163801442291809
495,17.98,75.4,0.353714273659437,0.011624443935767663
496,17.98,75.41,0.35475038850803575,0.011610685527681306
497,17.98,75.42,0.35604100147350215,0.011596061331313988
498,17.98,75.43,0.35756171233741807,0.011579718098164426
499,17.98,75.44,0.35925582644770504,0.01156062680682619
500,17.98,75.45,0.3610512100630559,0.011537677872088148
501,17.98,75.46,0.36286414231342845,0.011509838895500031
502,17.98,75.47,0.3647312310788822,0.011476362916443677
503,17.98,75.48,0.36658960435092286,0.01143701235475112
504,17.98,75.49,0.3683904365558651,0.011392344564428187
505,17.98,75.5,0.3699808146521839,0.011344150260304975
506,17.98,75.51,0.37123994083207024,0.011296267254904374
507,17.98,75.52,0.3721352639102792,0.011255203711933554
508,17.99,73.4,0.43861918778779496,0.011695057150034077
509,17.99,73.41,0.4351730055981778,0.011643369970733291
510,17.99,73.42,0.43101554055583763,0.0116021781656868
511,17.99,73.43,0.426226515663622,0.011570560725350012
512,17.99,73.44,0.4207935877819043,0.011547162401679273
513,17.99,73.45,0.41463571080940403,0.011530374071670015
514,17.99,73.46,0.40768866040691576,0.011518542271462191
515,17.99,73.47,0.40014190781819503,0.011510190307456617
516,17.99,73.48,0.3923311922326081,0.01150440247714835
517,17.99,73.49,0.3845621834693169,0.011502147577477691
518,17.99,73.5,0.3771937481382569,0.011512053699496113
519,17.99,73.51,0.37092472700565976,0.011546316605946596
520,17.99,73.52,0.3651110616241271,0.011591494449917422
521,17.99,73.53,0.3593166055801758,0.01163714892912443
522,17.99,73.54,0.35334290317954636,0.011680349587826735
523,17.99,73.55,0.34731716686593217,0.011719962993950232
524,17.99,73.56,0.3413795121821186,0.011755385116743376
525,17.99,73.57,0.33517489156437563,0.011786277707671843
526,17.99,74.55,0.2032322984929896,0.011160118127707905
527,17.99,74.56,0.20793700368472057,0.011163488149149484
528,17.99,74.57,0.21209738320762656,0.011176484592570257
529,17.99,74.58,0.2162839665893439,0.011188019154510374
530,17.99,74.59,0.21950584365263648,0.011213794587993639
531,17.99,74.6,0.22134456687894918,0.011262675043445388
532,17.99,74.61,0.22361523761856109,0.011303528483950128
533,17.99,74.62,0.22633272536601556,0.011337025098976336
534,17.99,74.63,0.22952225725434167,0.01136402249291258
535,17.99,74.64,0.2332302082987668,0.011385060474130787
536,17.99,74.65,0.23748028099763535,0.011400227267811997
537,17.99,74.66,0.24226745664429586,0.011409199410741448
538,17.99,74.67,0.24753805438992207,0.011411356467704569
539,17.99,74.68,0.25327086481092426,0.011405928564286174
540,17.99,74.69,0.25942989670760236,0.011392110253318646
541,17.99,74.7,0.26597243454880887,0.01136914956265406
542,17.99,74.71,0.27286198373208104,0.011336416241759021
543,17.99,74.72,0.28001445941820874,0.01129344952863975
544,17.99,74.73,0.2873655721892009,0.01123998879976401
545,17.99,74.74,0.2947877879177429,0.011176006477852607
546,17.99,74.75,0.3021274583354873,0.011101822906303689
547,17.99,74.76,0.30913399709790995,0.011024375380974036
548,17.99,74.77,0.31527942339960224,0.01097209484459341
549,17.99,74.78,0.32077873441760973,0.010911050166956825
550,17.99,74.79,0.3254893297577419,0.010840192150891085
551,17.99,74.8,0.32926659238401135,0.010760425762630144
552,17.99,74.81,0.33196898471715897,0.010672529534409775
553,17.99,74.82,0.3335133767159801,0.01057751605257649
554,17.99,74.83,0.33394481363406825,0.01047761873625042
555,17.99,74.84,0.333979511131321,0.010378550353965087
556,17.99,74.85,0.33389518547435754,0.010281525001287727
557,17.99,74.86,0.33266948415724623,0.010186080571492522
558,17.99,74.87,0.3312532875920584,0.010120222986126933
559,17.99,74.88,0.3238674106569238,0.010112950161752107
560,17.99,74.89,0.31636605348352703,0.010115637488565008
561,17.99,74.9,0.31798425160600224,0.010128119279869936
562,17.99,74.91,0.33552861627380676,0.010175642321444675
563,17.99,74.92,0.344590554781127,0.010263131630426622
564,17.99,74.93,0.3494832927476547,0.010332128804426638
565,17.99,74.94,0.3507694918870911,0.010382683446572167
566,17.99,74.95,0.34998425652113735,0.01042101178624447
567,17.99,74.96,0.3484244253036396,0.010449867300531672
568,17.99,74.97,0.34713907788143145,0.010488061340578284
569,17.99,74.98,0.34430174895631377,0.010533998675167033
570,17.99,74.99,0.3393941653687968,0.010593611746182438
571,17.99,75.0,0.33339117229923093,0.010657931765119196
572,17.99,75.01,0.32731259337053425,0.010720839818675477
573,17.99,75.02,0.3219870386346133,0.010784533410565187
574,17.99,75.03,0.3178704900302311,0.010851211666838032
575,17.99,75.04,0.3146821532134765,0.010915206098212383
576,17.99,75.05,0.3121492191428563,0.010972363705963266
577,17.99,75.06,0.3101882760736733,0.011022607258906601
578,17.99,75.07,0.3088983694051798,0.011067944148552177
579,17.99,75.08,0.3083816500312522,0.011111189677744415
580,17.99,75.09,0.3087866706472212,0.01115500167785791
581,17.99,75.1,0.3101919069615877,0.01120048047395272
582,17.99,75.11,0.31251217205673903,0.011246192004674466
583,17.99,75.12,0.3155375418590011,0.01128939423879007
584,17.99,75.13,0.3190543213470688,0.011327897286538482
585,17.99,75.14,0.3228577908449391,0.011360786520176894
586,17.99,75.15,0.3267820910315395,0.01138850161665789
587,17.99,75.16,0.3307018909478196,0.011412848696299133
588,17.99,75.17,0.3344652859930695,0.011436714867500539
589,17.99,75.18,0.3379662889689533,0.011462713717530154
590,17.99,75.19,0.34095651897245005,0.011491433768416727
591,17.99,75.2,0.3432437700638611,0.011521705371550211
592,17.99,75.21,0.34487553532529497,0.011552075944197977
593,17.99,75.22,0.3458248884600371,0.01158135041172243
594,17.99,75.23,0.34608511285461696,0.011608398739798615
595,17.99,75.24,0.34581020837873844,0.011632060024259453
596,17.99,75.25,0.3450690489024541,0.01165131378524392
597,17.99,75.26,0.3440813716645007,0.011665529200868807
598,17.99,75.27,0.3432047663035657,0.011674632866229462
599,17.99,75.28,0.3425750178827163,0.011679124951369904
600,17.99,75.29,0.34215526366472726,0.011679930932200176
601,17.99,75.3,0.3419334736632647,0.011678018522120233
602,17.99,75.31,0.34191194515984596,0.011673915290798432
603,17.99,75.32,0.34210696590674033,0.011667571447816008
604,17.99,75.33,0.3425064178149198,0.011658674157997399
605,17.99,75.34,0.3431525223174749,0.011647063872702491
606,17.99,75.35,0.3440221666053427,0.011632939424173368
607,17.99,75.36,0.3450992846356939,0.011616823283429785
608,17.99,75.37,0.3462111661559935,0.011599389829294657
609,17.99,75.38,0.3472352520476361,0.011581306445386564
610,17.99,75.39,0.3482495609883715,0.011563143629655612
611,17.99,75.4,0.34930023390560294,0.011545307777904416
612,17.99,75.41,0.3504902580533992,0.01152795040741849
613,17.99,75.42,0.35194383363333487,0.01151081501224526
614,17.99,75.43,0.35368033545543903,0.011493129343771932
615,17.99,75.44,0.35565062707524203,0.011473637825121034
616,17.99,75.45,0.35781050639271084,0.011450805426707428
617,17.99,75.46,0.3600967945191832,0.011423135012295338
618,17.99,75.47,0.36246112832723987,0.011389482273249055
619,17.99,75.48,0.36486966509027907,0.011349346989382388
620,17.99,75.49,0.36727234910108847,0.011303159543228166
621,17.99,75.5,0.36955403640879314,0.011252589137685494
622,17.99,75.51,0.3715122671174769,0.011200810789349553
623,17.99,75.52,0.37296368559701215,0.011152310895560388
624,17.99,75.53,0.3737980877484027,0.01111166680025465
625,17.99,75.54,0.37377655717372654,0.01108244802770375
626,17.99,75.55,0.3727316360337344,0.011067745702198432
627,17.99,75.56,0.3705186839330885,0.011070894403094523
628,17.99,76.34,0.16563892382716233,0.012830868445194193
629,18.0,73.4,0.4180339501648447,0.011730930745862156
630,18.0,73.41,0.41429379824327767,0.01167735633037732
631,18.0,73.42,0.41001231843517916,0.011633845098468926
632,18.0,73.43,0.40526293290566345,0.011599559628944574
633,18.0,73.44,0.4000048612918367,0.01157311747433575
634,18.0,73.45,0.39408603888112986,0.011552789433858875
635,18.0,73.46,0.3874618432770563,0.011536730811232705
636,18.0,73.47,0.3802888921430644,0.011523159990998932
637,18.0,73.48,0.3729432782769071,0.011510457908255105
638,18.0,73.49,0.3654380186479095,0.01149717008588689
639,18.0,73.5,0.2130100000000675,2.374837394261878e-15
640,18.0,73.51,0.35285343067943553,0.011530685574382235
641,18.0,73.52,0.34783334415878087,0.01157643218484863
642,18.0,73.53,0.342650220569567,0.011618699511990042
643,18.0,73.54,0.33721910770902574,0.011657051922401095
644,18.0,73.55,0.33169316016654604,0.01169110010146997
645,18.0,73.56,0.32621988939974783,0.011720521700765592
646,18.0,73.57,0.3203837829371726,0.011745107068698617
647,18.0,73.58,0.3141312389868631,0.011764788092185884
648,18.0,74.25,0.24565033664296332,0.011576358237913023
649,18.0,74.56,0.20260612525987978,0.011138676484080498
650,18.0,74.57,0.20702242014542435,0.011151215117977696
651,18.0,74.58,0.2110954048469587,0.011164978665916675
652,18.0,74.59,0.21434529773115607,0.011188952871322107
653,18.0,74.6,0.21675278479434046,0.0112251621982343
654,18.0,74.61,0.21919833401864938,0.011260151548842467
655,18.0,74.62,0.22199028310375524,0.011290380085364846
656,18.0,74.63,0.22520403955136858,0.011315693243540153
657,18.0,74.64,0.2289350382001988,0.011336155983027818
658,18.0,74.65,0.23321224524983164,0.011351460818832993
659,18.0,74.66,0.23803566960043432,0.011360958054247269
660,18.0,74.67,0.24339781456881895,0.011363813284207646
661,18.0,74.68,0.24927276410409396,0.011359141546056927
662,18.0,74.69,0.25561681307091905,0.011346098596724358
663,18.0,74.7,0.26239130486191653,0.011323929422052995
664,18.0,74.71,0.26954261414454317,0.011292026564971339
665,18.0,74.72,0.2770403866529896,0.011249983029987178
666,18.0,74.73,0.2848050817467429,0.011197677666801218
667,18.0,74.74,0.2926873957803487,0.011135480662606669
668,18.0,74.75,0.3004625800563114,0.01106517325886583
669,18.0,74.76,0.3078578397709582,0.010995352577972146
670,18.0,74.77,0.3145766298225971,0.010936063682604932
671,18.0,74.78,0.32054686086447015,0.010874662586347133
672,18.0,74.79,0.3256236462383501,0.010806774789800667
673,18.0,74.8,0.32964533222197295,0.01073258757006876
674,18.0,74.81,0.33254023019162876,0.010652105833641633
675,18.0,74.82,0.3343719765062204,0.010564944322761376
676,18.0,74.83,0.3353985084397655,0.010471562829207819
677,18.0,74.84,0.33595206832182156,0.010373691574502197
678,18.0,74.85,0.33615492816744047,0.010272116245771217
679,18.0,74.86,0.3353943759078706,0.010168640629800987
680,18.0,74.87,0.3380444291322731,0.010113623546365602
681,18.0,74.88,0.5087600000000196,2.8672913124277274e-16
682,18.0,74.89,0.32463631277121785,0.010128662174263428
683,18.0,74.9,0.32195872989089647,0.010167472062433233
684,18.0,74.91,0.33314499136375525,0.010232543020180666
685,18.0,74.92,0.3393049893611659,0.010296301754829752
686,18.0,74.93,0.34543957670265757,0.010342261618451074
687,18.0,74.94,0.34714094704133813,0.010370842466721384
688,18.0,74.95,0.3474301697115645,0.010380204508346329
689,18.0,74.96,0.346463820889778,0.010384070596085553
690,18.0,74.97,0.34396589439099995,0.010403379517053743
691,18.0,74.98,0.3400735422011557,0.010448582107862358
692,18.0,74.99,0.33436877643697555,0.010508578188314506
693,18.0,75.0,0.3275339070694245,0.01057014440975604
694,18.0,75.01,0.3205271882265551,0.010628620405398423
695,18.0,75.02,0.3145081607491923,0.010688975176166515
696,18.0,75.03,0.3107919623792068,0.01076506812522245
697,18.0,75.04,0.30787211968732053,0.010834260684602304
698,18.0,75.05,0.30553710193108546,0.01089322971203506
699,18.0,75.06,0.3037682644458681,0.01094410657292186
700,18.0,75.07,0.30264805411995177,0.010990723762407355
701,18.0,75.08,0.302313773730195,0.011036506132357236
702,18.0,75.09,0.30290071546191777,0.011082990194586608
703,18.0,75.1,0.30446188484583403,0.011129624562859926
704,18.0,75.11,0.30696573021882584,0.011174470573171759
705,18.0,75.12,0.3102664607274529,0.011215207943149227
706,18.0,75.13,0.314185668406946,0.011250001641203128
707,18.0,75.14,0.31849826958879307,0.0112779817758959
708,18.0,75.15,0.323005669011407,0.011299527380432878
709,18.0,75.16,0.3275114075890336,0.01131681007964907
710,18.0,75.17,0.3317771896838527,0.011334626119065007
711,18.0,75.18,0.3355464567732318,0.01135850606606347
712,18.0,75.19,0.3388202311974232,0.01138854333435145
713,18.0,75.2,0.34138694641316214,0.011421232003697128
714,18.0,75.21,0.3432515346794784,0.011454413918303017
715,18.0,75.22,0.34442802408786444,0.011486986057325023
716,18.0,75.23,0.3448358171574322,0.011517710118513278
717,18.0,75.24,0.34458848519877683,0.011544977621250837
718,18.0,75.25,0.34378135748750516,0.011567274538209897
719,18.0,75.26,0.34250477369323923,0.011583655763206276
720,18.0,75.27,0.3411337950034724,0.01159400544468801
721,18.0,75.28,0.3399320617048102,0.011599135765430316
722,18.0,75.29,0.3389914916401815,0.011600680717527265
723,18.0,75.3,0.33832244731274236,0.011600453928785346
724,18.0,75.31,0.33796228440187254,0.011599256711561794
725,18.0,75.32,0.3378997039360238,0.011596420960640385
726,18.0,75.33,0.3380950845277809,0.011590692175938336
727,18.0,75.34,0.3385328092791138,0.011581193479059981
728,18.0,75.35,0.33922141476821305,0.01156770847945899
729,18.0,75.36,0.34019376859411193,0.01155057831404546
730,18.0,75.37,0.34134488656616224,0.011530538533515532
731,18.0,75.38,0.34247576523512896,0.01150859971334583
732,18.0,75.39,0.3436352905446259,0.011485955489647355
733,18.0,75.4,0.34488096582997935,0.011463829364338313
734,18.0,75.41,0.346258749238616,0.011443180641733552
735,18.0,75.42,0.34786912273277193,0.01142429818581965
736,18.0,75.43,0.3497889396882495,0.011406496713085898
737,18.0,75.44,0.35202617244615014,0.01138813951766986
738,18.0,75.45,0.35447971846658444,0.011367033873839699
739,18.0,75.46,0.3571574763738328,0.011340989844997805
740,18.0,75.47,0.36002756088137716,0.011308270009450757
741,18.0,75.48,0.3630084288225876,0.011267914924337255
742,18.0,75.49,0.3660361795637779,0.011219955077875383
743,18.0,75.5,0.36902242888502335,0.011165576092131795
744,18.0,75.51,0.3717652713112441,0.011107215171965015
745,18.0,75.52,0.37394014995847635,0.011048528637693972
746,18.0,75.53,0.37530577189583575,0.01099416201744693
747,18.0,75.54,0.37556086772153235,0.010949595868181916
748,18.0,75.55,0.37441645986857947,0.010920950528381523
749,18.0,75.56,0.3717289874767038,0.01091420995048766
750,18.0,75.57,0.3679397131573242,0.010935069714606753
751,18.0,75.58,0.3643075390179839,0.010988217533671149
752,18.0,75.59,0.360378963137971,0.011060140961883938
753,18.0,76.3,0.1657051236575692,0.012642803448458896
754,18.0,76.31,0.165656621212319,0.012664820838706167
755,18.0,76.32,0.1655754103390319,0.012685604908660733
756,18.0,76.33,0.16536925585886858,0.012711622482793575
757,18.0,76.34,0.16508514177249103,0.012775012333995112
758,18.01,73.4,0.3977919979357596,0.011755609069575436
759,18.01,73.41,0.3937627183779727,0.011699876489274931
760,18.01,73.42,0.38940986131177846,0.011654421375030526
761,18.01,73.43,0.38477420355114933,0.011618512732696219
762,18.01,73.44,0.37975255366464555,0.011590635460566764
763,18.01,73.45,0.37411089985727025,0.011568843444143492
764,18.01,73.46,0.36786932008593387,0.011551186056236337
765,18.01,73.47,0.36119730034137926,0.0115360420974052
766,18.01,73.48,0.3545198180820929,0.011522491308317898
767,18.01,73.49,0.34783208844148106,0.01151157999542176
768,18.01,73.5,0.34155112822741746,0.011512049860276726
769,18.01,73.51,0.336372544951032,0.011536160325314989
770,18.01,73.52,0.33160329806019373,0.011570522625634938
771,18.01,73.53,0.3267570247757824,0.011604807289348384
772,18.01,73.54,0.3217057668899194,0.011636190791619875
773,18.01,73.55,0.3165933890085695,0.011663603099226077
774,18.01,73.56,0.3114579618073772,0.011686461041663232
775,18.01,73.57,0.3059371185357771,0.011704426508082424
776,18.01,73.58,0.2999930628714452,0.011717357674676965
777,18.01,73.59,0.29366496680636905,0.011725324380329869
778,18.01,74.21,0.2574880293372685,0.011452158448385147
779,18.01,74.22,0.2548059273873538,0.011475077370706367
780,18.01,74.23,0.2515012990893456,0.011493690692853234
781,18.01,74.24,0.24766832271670272,0.01150925062421096
782,18.01,74.25,0.2432687317372406,0.011529295405016054
783,18.01,74.26,0.23815447539464377,0.011561895567303465
784,18.01,74.27,0.2326132710589291,0.011598146239061446
785,18.01,74.28,0.22691267892552255,0.011628941239223974
786,18.01,74.29,0.221150527813252,0.011651032147380629
787,18.01,74.3,0.21538178895307764,0.011663327649150108
788,18.01,74.31,0.20962368389640265,0.011665453027961521
789,18.01,74.32,0.2039231233136141,0.011657328359756013
790,18.01,74.57,0.20105912440526907,0.011139070811889735
791,18.01,74.58,0.20503614605874576,0.011154062344579116
792,18.01,74.59,0.20840048465711536,0.01117346762648794
793,18.01,74.6,0.21126001518654056,0.011197458163079045
794,18.01,74.61,0.21400499897452527,0.011222460799253344
795,18.01,74.62,0.21699658459321466,0.011246114199827765
796,18.01,74.63,0.22039937885780872,0.01126768579589438
797,18.01,74.64,0.2242447617624477,0.011286544066027634
798,18.01,74.65,0.2286066422061525,0.011301642148157603
799,18.01,74.66,0.23350784824630472,0.01131172946881314
800,18.01,74.67,0.2389435249209598,0.011315596587308113
801,18.01,74.68,0.2449096117570354,0.011312160451739925
802,18.01,74.69,0.2514156129973613,0.01130049184795454
803,18.01,74.7,0.25842031052776765,0.011279822797058185
804,18.01,74.71,0.265881108993888,0.011249587445162912
805,18.01,74.72,0.27372171513945504,0.011209493319080041
806,18.01,74.73,0.28186486755809187,0.011159690319376622
807,18.01,74.74,0.2902291742779859,0.011101130791211344
808,18.01,74.75,0.2985354661830352,0.011036333041143417
809,18.01,74.76,0.30650065524760484,0.010969849898999802
810,18.01,74.77,0.31390673522678225,0.010904530903449219
811,18.01,74.78,0.3205267104260024,0.010838347782771929
812,18.01,74.79,0.32609869100122274,0.01076975618881594
813,18.01,74.8,0.3304479109821877,0.010698877305102487
814,18.01,74.81,0.33356280672336075,0.010624400795682259
815,18.01,74.82,0.33563598722284355,0.010542910780734835
816,18.01,74.83,0.3369990705860965,0.010451669610639607
817,18.01,74.84,0.338035929266072,0.01035106575602832
818,18.01,74.85,0.3391040966171308,0.010245056894181892
819,18.01,74.86,0.5789299999999794,9.43012637891625e-16
820,18.01,74.87,0.19296000000001826,-1.0837123114449735e-15
821,18.01,74.88,0.22804000000000388,3.1404340296856666e-16
822,18.01,74.89,0.333725406927747,0.010194031067944767
823,18.01,74.9,0.33055699459965704,0.010244617444609019
824,18.01,74.91,0.33471823759391073,0.010297159505704033
825,18.01,74.92,0.338439772255789,0.010341953506684534
826,18.01,74.93,0.3415282295670325,0.010366830360260539
827,18.01,74.94,0.34277829955972866,0.010369179429595518
828,18.01,74.95,0.3435576967629524,0.010344964238144357
829,18.01,74.96,0.3441829512123772,0.010307456225887312
830,18.01,74.97,0.341622685714842,0.010298668756465254
831,18.01,74.98,0.33636209588999794,0.01035155005784249
832,18.01,74.99,0.3293306564796184,0.010423237417289632
833,18.01,75.0,0.3212864432357812,0.010487634923796757
834,18.01,75.01,0.3133727028334165,0.010545771373988275
835,18.01,75.02,0.3074677215288641,0.01061553948955618
836,18.01,75.03,0.30372240339271744,0.010694586557852251
837,18.01,75.04,0.30085402432685365,0.010763847587256998
838,18.01,75.05,0.2985541448365344,0.010819855237479477
839,18.01,75.06,0.2968575725241648,0.010866728382819869
840,18.01,75.07,0.2958508462841433,0.010911158179324257
841,18.01,75.08,0.29564695234424426,0.01095812918593381
842,18.01,75.09,0.2963534980987095,0.011007879873859936
843,18.01,75.1,0.2980679198140107,0.011057490448906705
844,18.01,75.11,0.3007727112675112,0.011103646304647885
845,18.01,75.12,0.30438097125940944,0.011143756687883255
846,18.01,75.13,0.30871536059376026,0.01117612822343572
847,18.01,75.14,0.31356930669762845,0.01119994759359239
848,18.01,75.15,0.3187027722619053,0.011215328523255304
849,18.01,75.16,0.3239302950353579,0.011223803036638981
850,18.01,75.17,0.32890651667071846,0.01123151472170345
851,18.01,75.18,0.33296953870680196,0.011254118738983293
852,18.01,75.19,0.3363114000250284,0.011287934418502859
853,18.01,75.2,0.3392120673594118,0.011323255543521994
854,18.01,75.21,0.3413613552752242,0.011358943001123391
855,18.01,75.22,0.34277108937805634,0.01139506968624977
856,18.01,75.23,0.3434151011106336,0.011430281479804714
857,18.01,75.24,0.3432939488518083,0.011461993502929996
858,18.01,75.25,0.34248454183267113,0.011487826630158555
859,18.01,75.26,0.34109049175305006,0.011506378798937253
860,18.01,75.27,0.33937711942927395,0.011517377475426506
861,18.01,75.28,0.33769336705948694,0.011521867035680587
862,18.01,75.29,0.3362252100931058,0.01152254230809181
863,18.01,75.3,0.3350833801772706,0.011523162544842733
864,18.01,75.31,0.3343090244276956,0.011525326780829407
865,18.01,75.32,0.3339250358764176,0.011526763039217304
866,18.01,75.33,0.333914663738465,0.011524471394174063
867,18.01,75.34,0.33416770150969577,0.01151682558503998
868,18.01,75.35,0.3346824004563204,0.01150341095488828
869,18.01,75.36,0.3355135847775325,0.01148456360492436
870,18.01,75.37,0.33663834125690545,0.011461149049161741
871,18.01,75.38,0.33787517186933397,0.011434526169417116
872,18.01,75.39,0.3390923670518404,0.011406554721384724
873,18.01,75.4,0.34046089214852504,0.011379463507507735
874,18.01,75.41,0.3420105258486811,0.011355359066402646
875,18.01,75.42,0.343789314827954,0.01133537905024384
876,18.01,75.43,0.345861491392123,0.011318929597099243
877,18.01,75.44,0.3482706743457739,0.011303667281358754
878,18.01,75.45,0.3509809559850932,0.011286305626912947
879,18.01,75.46,0.3539439523439424,0.011263629166932958
880,18.01,75.47,0.3571830902126439,0.011233135558053048
881,18.01,75.48,0.36071453008759236,0.011193294419135559
882,18.01,75.49,0.36438592521319113,0.011143622478425366
883,18.01,75.5,0.3681269834090914,0.011084722793064118
884,18.01,75.51,0.3717447561914786,0.011018362312326311
885,18.01,75.52,0.374896723292236,0.01094769157352472
886,18.01,75.53,0.37717784168372226,0.010877695009498966
887,18.01,75.54,0.378133628102938,0.010815825104104664
888,18.01,75.55,0.3772181183005375,0.010771960966027942
889,18.01,75.56,0.3741558910891784,0.010756880283570669
890,18.01,75.57,0.36905572707283746,0.010775520218772743
891,18.01,75.58,0.36568439396431235,0.010844978234760024
892,18.01,75.59,0.36129549286497536,0.010928605431587458
893,18.01,75.6,0.3559632032409719,0.011015897691705577
894,18.01,75.61,0.3501387867090177,0.011103057702635498
895,18.01,75.62,0.3440423908641895,0.011188052648253668
896,18.01,75.63,0.337737597178086,0.011270125905587155
897,18.01,76.26,0.16289824367771308,0.012427279727196221
898,18.01,76.27,0.1631542033403694,0.012463029505141335
899,18.01,76.28,0.16368033151600384,0.01249794757563651
900,18.01,76.29,0.16419020315134703,0.012531667275769048
901,18.01,76.3,0.16444943668625855,0.012564309492608592
902,18.01,76.31,0.16457261941678417,0.012596902846694439
903,18.01,76.32,0.164656958748218,0.012632558523052818
904,18.01,76.33,0.16466144296556132,0.012679023797679524
905,18.01,76.34,0.16454847176714563,0.012748535875123795
906,18.01,76.35,0.16430169333617503,0.01284371822729377
907,18.02,73.4,0.3779670713125288,0.011769449079708665
908,18.02,73.41,0.37368218912814083,0.011711007965367918
909,18.02,73.42,0.3692768178409871,0.011663858669169939
910,18.02,73.43,0.3647442718242683,0.011627440662386523
911,18.02,73.44,0.3599316252170069,0.011599833551354168
912,18.02,73.45,0.35461454719997015,0.011578585368671892
913,18.02,73.46,0.34881960045734345,0.01156158345978261
914,18.02,73.47,0.3428589341912959,0.01154752050384022
915,18.02,73.48,0.3370537562189794,0.011536299028265144
916,18.02,73.49,0.3313167202644395,0.011529796541710985
917,18.02,73.5,0.32591482817015266,0.011532343741822925
918,18.02,73.51,0.3209622362011222,0.011546696942495244
919,18.02,73.52,0.31625344378257625,0.01156895242361331
920,18.02,73.53,0.3115887195370572,0.011593421988758706
921,18.02,73.54,0.3067982184688993,0.011616625787825461
922,18.02,73.55,0.3019699461531036,0.011636730022073848
923,18.02,73.56,0.2971002310648753,0.011652690858196283
924,18.02,73.57,0.2918068950045489,0.011663894910976892
925,18.02,73.58,0.28597992338494954,0.011670015822742127
926,18.02,73.59,0.2797225902954746,0.011670994190030138
927,18.02,73.6,0.2731807257354851,0.01166707240480868
928,18.02,74.16,0.2586498751745075,0.01121854361932939
929,18.02,74.17,0.26027006354464066,0.01123527327634912
930,18.02,74.18,0.2610701133592092,0.011262930738486774
931,18.02,74.19,0.2607796966456908,0.011294051377553653
932,18.02,74.2,0.2594235028556741,0.011327982039554001
933,18.02,74.21,0.2570810479987418,0.011362586185791158
934,18.02,74.22,0.25395375903135264,0.011395461414636864
935,18.02,74.23,0.25017346703366716,0.011425334474794453
936,18.02,74.24,0.24586227106429084,0.01145304947857327
937,18.02,74.25,0.24102320622969545,0.011481582448382033
938,18.02,74.26,0.2356650616596186,0.01151276069492615
939,18.02,74.27,0.22995005594177192,0.011543791652460425
940,18.02,74.28,0.22404021414167283,0.011570186650404636
941,18.02,74.29,0.21802689083258706,0.01158890343069531
942,18.02,74.3,0.21197769883730783,0.011598383352291857
943,18.02,74.31,0.20593125415703412,0.011597898105659027
944,18.02,74.32,0.19995127698673426,0.011587150330194158
945,18.02,74.33,0.1940422657734379,0.011566071259534695
946,18.02,74.34,0.1881584108786494,0.011534715337992529
947,18.02,74.35,0.18221085530470837,0.0114932338547839
948,18.02,74.36,0.17626982097918473,0.011441869519667053
949,18.02,74.37,0.17060093578413937,0.011380965114361158
950,18.02,74.38,0.16508310683509247,0.011311043041836442
951,18.02,74.39,0.15973539673164047,0.011232976517350852
952,18.02,74.57,0.19490453420850368,0.01112824216543898
953,18.02,74.58,0.1988499024891983,0.011141588188496221
954,18.02,74.59,0.20228880238542107,0.011155144484397746
955,18.02,74.6,0.20535343328454464,0.011169419843581416
956,18.02,74.61,0.2083043488638689,0.011184316928743302
957,18.02,74.62,0.2114349211963157,0.011200174250383122
958,18.02,74.63,0.2149762547047013,0.011217274781774988
959,18.02,74.64,0.2190072701409364,0.01123448922698208
960,18.02,74.65,0.22354329535309808,0.011249655205820538
961,18.02,74.66,0.22858168197712794,0.01126069782011596
962,18.02,74.67,0.23412925998577938,0.011265990725403173
963,18.02,74.68,0.24020869786980714,0.011264261519722558
964,18.02,74.69,0.24685457252333456,0.011254495812055999
965,18.02,74.7,0.2540601842332406,0.011235901285335349
966,18.02,74.71,0.26175469770202453,0.011207917202089355
967,18.02,74.72,0.26988581303477094,0.01117028871845598
968,18.02,74.73,0.27839993126695767,0.011123223244592235
969,18.02,74.74,0.2872278410197237,0.011067621999811778
970,18.02,74.75,0.29611497188135294,0.01100526127254907
971,18.02,74.76,0.3048323887835388,0.01093844156304353
972,18.02,74.77,0.3131027806300127,0.010868823322111072
973,18.02,74.78,0.3205655740933984,0.010797177641801041
974,18.02,74.79,0.3268027269181638,0.010725212183020283
975,18.02,74.8,0.3315247550714752,0.010656361285935797
976,18.02,74.81,0.3347874070204138,0.01058912268935979
977,18.02,74.82,0.33688299347497724,0.01051435189519059
978,18.02,74.83,0.3382428413321229,0.010424363702406798
979,18.02,74.84,0.3394094341086655,0.010317642325215585
980,18.02,74.85,0.34069473689371843,0.01020743017533135
981,18.02,74.86,0.34446336091346097,0.010133172651136349
982,18.02,74.87,0.3424496901570151,0.01014794311288064
983,18.02,74.88,0.339467686808251,0.01020103824400122
984,18.02,74.89,0.33528786549903944,0.01024587651376122
985,18.02,74.9,0.33483035464456323,0.010293555227644732
986,18.02,74.91,0.33619170884548694,0.010340726983725387
987,18.02,74.92,0.33722118753970326,0.010374044657376767
988,18.02,74.93,0.33750216064417826,0.0103848189996137
989,18.02,74.94,0.33707106195635994,0.01036572372710087
990,18.02,74.95,0.33693828313618684,0.010312715510603868
991,18.02,74.96,0.3398102462211931,0.01023819189158865
992,18.02,74.97,0.3394126359137227,0.01020050502483095
993,18.02,74.98,0.3324468685455545,0.01026622879136958
994,18.02,74.99,0.3241260859123235,0.010353085471715037
995,18.02,75.0,0.3150084578426033,0.010419539383542962
996,18.02,75.01,0.30635330074074096,0.010480145628351277
997,18.02,75.02,0.3008850935195905,0.01056302431456404
998,18.02,75.03,0.2970517592377197,0.010643064959426764
999,18.02,75.04,0.29396257918024704,0.010706598281223209
